[
    {
        "value":"3d_rotation",
        "display":"3d_rotation"
    },
    {
        "value":"accessibility",
        "display":"accessibility"
    },
    {
        "value":"accessibility...",
        "display":"accessibility..."
    },
    {
        "value":"accessible",
        "display":"accessible"
    },
    {
        "value":"accessible_fo...",
        "display":"accessible_fo..."
    },
    {
        "value":"account_balan...",
        "display":"account_balan..."
    },
    {
        "value":"account_balan...",
        "display":"account_balan..."
    },
    {
        "value":"account_box",
        "display":"account_box"
    },
    {
        "value":"account_circl...",
        "display":"account_circl..."
    },
    {
        "value":"add_shopping_...",
        "display":"add_shopping_..."
    },
    {
        "value":"alarm",
        "display":"alarm"
    },
    {
        "value":"alarm_add",
        "display":"alarm_add"
    },
    {
        "value":"alarm_off",
        "display":"alarm_off"
    },
    {
        "value":"alarm_on",
        "display":"alarm_on"
    },
    {
        "value":"all_inbox",
        "display":"all_inbox"
    },
    {
        "value":"all_out",
        "display":"all_out"
    },
    {
        "value":"android",
        "display":"android"
    },
    {
        "value":"announcement",
        "display":"announcement"
    },
    {
        "value":"arrow_right_a...",
        "display":"arrow_right_a..."
    },
    {
        "value":"aspect_ratio",
        "display":"aspect_ratio"
    },
    {
        "value":"assessment",
        "display":"assessment"
    },
    {
        "value":"assignment",
        "display":"assignment"
    },
    {
        "value":"assignment_in...",
        "display":"assignment_in..."
    },
    {
        "value":"assignment_la...",
        "display":"assignment_la..."
    },
    {
        "value":"assignment_re...",
        "display":"assignment_re..."
    },
    {
        "value":"assignment_re...",
        "display":"assignment_re..."
    },
    {
        "value":"assignment_tu...",
        "display":"assignment_tu..."
    },
    {
        "value":"autorenew",
        "display":"autorenew"
    },
    {
        "value":"backup",
        "display":"backup"
    },
    {
        "value":"book",
        "display":"book"
    },
    {
        "value":"bookmark",
        "display":"bookmark"
    },
    {
        "value":"bookmark_bord...",
        "display":"bookmark_bord..."
    },
    {
        "value":"bookmarks",
        "display":"bookmarks"
    },
    {
        "value":"bug_report",
        "display":"bug_report"
    },
    {
        "value":"build",
        "display":"build"
    },
    {
        "value":"cached",
        "display":"cached"
    },
    {
        "value":"calendar_toda...",
        "display":"calendar_toda..."
    },
    {
        "value":"calendar_view...",
        "display":"calendar_view..."
    },
    {
        "value":"camera_enhanc...",
        "display":"camera_enhanc..."
    },
    {
        "value":"card_giftcard",
        "display":"card_giftcard"
    },
    {
        "value":"card_membersh...",
        "display":"card_membersh..."
    },
    {
        "value":"card_travel",
        "display":"card_travel"
    },
    {
        "value":"change_histor...",
        "display":"change_histor..."
    },
    {
        "value":"check_circle",
        "display":"check_circle"
    },
    {
        "value":"check_circle_...",
        "display":"check_circle_..."
    },
    {
        "value":"chrome_reader...",
        "display":"chrome_reader..."
    },
    {
        "value":"class",
        "display":"class"
    },
    {
        "value":"code",
        "display":"code"
    },
    {
        "value":"commute",
        "display":"commute"
    },
    {
        "value":"compare_arrow...",
        "display":"compare_arrow..."
    },
    {
        "value":"contact_suppo...",
        "display":"contact_suppo..."
    },
    {
        "value":"copyright",
        "display":"copyright"
    },
    {
        "value":"credit_card",
        "display":"credit_card"
    },
    {
        "value":"dashboard",
        "display":"dashboard"
    },
    {
        "value":"date_range",
        "display":"date_range"
    },
    {
        "value":"delete",
        "display":"delete"
    },
    {
        "value":"delete_foreve...",
        "display":"delete_foreve..."
    },
    {
        "value":"delete_outlin...",
        "display":"delete_outlin..."
    },
    {
        "value":"description",
        "display":"description"
    },
    {
        "value":"dns",
        "display":"dns"
    },
    {
        "value":"done",
        "display":"done"
    },
    {
        "value":"done_all",
        "display":"done_all"
    },
    {
        "value":"done_outline",
        "display":"done_outline"
    },
    {
        "value":"donut_large",
        "display":"donut_large"
    },
    {
        "value":"donut_small",
        "display":"donut_small"
    },
    {
        "value":"drag_indicato...",
        "display":"drag_indicato..."
    },
    {
        "value":"eject",
        "display":"eject"
    },
    {
        "value":"euro_symbol",
        "display":"euro_symbol"
    },
    {
        "value":"event",
        "display":"event"
    },
    {
        "value":"event_seat",
        "display":"event_seat"
    },
    {
        "value":"exit_to_app",
        "display":"exit_to_app"
    },
    {
        "value":"explore",
        "display":"explore"
    },
    {
        "value":"explore_off",
        "display":"explore_off"
    },
    {
        "value":"extension",
        "display":"extension"
    },
    {
        "value":"face",
        "display":"face"
    },
    {
        "value":"favorite",
        "display":"favorite"
    },
    {
        "value":"favorite_bord...",
        "display":"favorite_bord..."
    },
    {
        "value":"feedback",
        "display":"feedback"
    },
    {
        "value":"find_in_page",
        "display":"find_in_page"
    },
    {
        "value":"find_replace",
        "display":"find_replace"
    },
    {
        "value":"fingerprint",
        "display":"fingerprint"
    },
    {
        "value":"flight_land",
        "display":"flight_land"
    },
    {
        "value":"flight_takeof...",
        "display":"flight_takeof..."
    },
    {
        "value":"flip_to_back",
        "display":"flip_to_back"
    },
    {
        "value":"flip_to_front",
        "display":"flip_to_front"
    },
    {
        "value":"g_translate",
        "display":"g_translate"
    },
    {
        "value":"gavel",
        "display":"gavel"
    },
    {
        "value":"get_app",
        "display":"get_app"
    },
    {
        "value":"gif",
        "display":"gif"
    },
    {
        "value":"grade",
        "display":"grade"
    },
    {
        "value":"group_work",
        "display":"group_work"
    },
    {
        "value":"help",
        "display":"help"
    },
    {
        "value":"help_outline",
        "display":"help_outline"
    },
    {
        "value":"highlight_off",
        "display":"highlight_off"
    },
    {
        "value":"history",
        "display":"history"
    },
    {
        "value":"home",
        "display":"home"
    },
    {
        "value":"horizontal_sp...",
        "display":"horizontal_sp..."
    },
    {
        "value":"hourglass_emp...",
        "display":"hourglass_emp..."
    },
    {
        "value":"hourglass_ful...",
        "display":"hourglass_ful..."
    },
    {
        "value":"http",
        "display":"http"
    },
    {
        "value":"https",
        "display":"https"
    },
    {
        "value":"important_dev...",
        "display":"important_dev..."
    },
    {
        "value":"info",
        "display":"info"
    },
    {
        "value":"input",
        "display":"input"
    },
    {
        "value":"invert_colors",
        "display":"invert_colors"
    },
    {
        "value":"label",
        "display":"label"
    },
    {
        "value":"label_importa...",
        "display":"label_importa..."
    },
    {
        "value":"label_off",
        "display":"label_off"
    },
    {
        "value":"language",
        "display":"language"
    },
    {
        "value":"launch",
        "display":"launch"
    },
    {
        "value":"line_style",
        "display":"line_style"
    },
    {
        "value":"line_weight",
        "display":"line_weight"
    },
    {
        "value":"list",
        "display":"list"
    },
    {
        "value":"lock",
        "display":"lock"
    },
    {
        "value":"lock_open",
        "display":"lock_open"
    },
    {
        "value":"loyalty",
        "display":"loyalty"
    },
    {
        "value":"markunread_ma...",
        "display":"markunread_ma..."
    },
    {
        "value":"maximize",
        "display":"maximize"
    },
    {
        "value":"minimize",
        "display":"minimize"
    },
    {
        "value":"motorcycle",
        "display":"motorcycle"
    },
    {
        "value":"note_add",
        "display":"note_add"
    },
    {
        "value":"offline_bolt",
        "display":"offline_bolt"
    },
    {
        "value":"offline_pin",
        "display":"offline_pin"
    },
    {
        "value":"opacity",
        "display":"opacity"
    },
    {
        "value":"open_in_brows...",
        "display":"open_in_brows..."
    },
    {
        "value":"open_in_new",
        "display":"open_in_new"
    },
    {
        "value":"open_with",
        "display":"open_with"
    },
    {
        "value":"pageview",
        "display":"pageview"
    },
    {
        "value":"pan_tool",
        "display":"pan_tool"
    },
    {
        "value":"payment",
        "display":"payment"
    },
    {
        "value":"perm_camera_m...",
        "display":"perm_camera_m..."
    },
    {
        "value":"perm_contact_...",
        "display":"perm_contact_..."
    },
    {
        "value":"perm_data_set...",
        "display":"perm_data_set..."
    },
    {
        "value":"perm_device_i...",
        "display":"perm_device_i..."
    },
    {
        "value":"perm_identity",
        "display":"perm_identity"
    },
    {
        "value":"perm_media",
        "display":"perm_media"
    },
    {
        "value":"perm_phone_ms...",
        "display":"perm_phone_ms..."
    },
    {
        "value":"perm_scan_wif...",
        "display":"perm_scan_wif..."
    },
    {
        "value":"pets",
        "display":"pets"
    },
    {
        "value":"picture_in_pi...",
        "display":"picture_in_pi..."
    },
    {
        "value":"picture_in_pi...",
        "display":"picture_in_pi..."
    },
    {
        "value":"play_for_work",
        "display":"play_for_work"
    },
    {
        "value":"polymer",
        "display":"polymer"
    },
    {
        "value":"power_setting...",
        "display":"power_setting..."
    },
    {
        "value":"pregnant_woma...",
        "display":"pregnant_woma..."
    },
    {
        "value":"print",
        "display":"print"
    },
    {
        "value":"query_builder",
        "display":"query_builder"
    },
    {
        "value":"question_answ...",
        "display":"question_answ..."
    },
    {
        "value":"receipt",
        "display":"receipt"
    },
    {
        "value":"record_voice_...",
        "display":"record_voice_..."
    },
    {
        "value":"redeem",
        "display":"redeem"
    },
    {
        "value":"remove_shoppi...",
        "display":"remove_shoppi..."
    },
    {
        "value":"reorder",
        "display":"reorder"
    },
    {
        "value":"report_proble...",
        "display":"report_proble..."
    },
    {
        "value":"restore",
        "display":"restore"
    },
    {
        "value":"restore_from_...",
        "display":"restore_from_..."
    },
    {
        "value":"restore_page",
        "display":"restore_page"
    },
    {
        "value":"room",
        "display":"room"
    },
    {
        "value":"rounded_corne...",
        "display":"rounded_corne..."
    },
    {
        "value":"rowing",
        "display":"rowing"
    },
    {
        "value":"schedule",
        "display":"schedule"
    },
    {
        "value":"search",
        "display":"search"
    },
    {
        "value":"settings",
        "display":"settings"
    },
    {
        "value":"settings_appl...",
        "display":"settings_appl..."
    },
    {
        "value":"settings_back...",
        "display":"settings_back..."
    },
    {
        "value":"settings_blue...",
        "display":"settings_blue..."
    },
    {
        "value":"settings_brig...",
        "display":"settings_brig..."
    },
    {
        "value":"settings_cell",
        "display":"settings_cell"
    },
    {
        "value":"settings_ethe...",
        "display":"settings_ethe..."
    },
    {
        "value":"settings_inpu...",
        "display":"settings_inpu..."
    },
    {
        "value":"settings_inpu...",
        "display":"settings_inpu..."
    },
    {
        "value":"settings_inpu...",
        "display":"settings_inpu..."
    },
    {
        "value":"settings_inpu...",
        "display":"settings_inpu..."
    },
    {
        "value":"settings_inpu...",
        "display":"settings_inpu..."
    },
    {
        "value":"settings_over...",
        "display":"settings_over..."
    },
    {
        "value":"settings_phon...",
        "display":"settings_phon..."
    },
    {
        "value":"settings_powe...",
        "display":"settings_powe..."
    },
    {
        "value":"settings_remo...",
        "display":"settings_remo..."
    },
    {
        "value":"settings_voic...",
        "display":"settings_voic..."
    },
    {
        "value":"shop",
        "display":"shop"
    },
    {
        "value":"shop_two",
        "display":"shop_two"
    },
    {
        "value":"shopping_bask...",
        "display":"shopping_bask..."
    },
    {
        "value":"shopping_cart",
        "display":"shopping_cart"
    },
    {
        "value":"speaker_notes",
        "display":"speaker_notes"
    },
    {
        "value":"speaker_notes...",
        "display":"speaker_notes..."
    },
    {
        "value":"spellcheck",
        "display":"spellcheck"
    },
    {
        "value":"star_rate",
        "display":"star_rate"
    },
    {
        "value":"stars",
        "display":"stars"
    },
    {
        "value":"store",
        "display":"store"
    },
    {
        "value":"subject",
        "display":"subject"
    },
    {
        "value":"supervised_us...",
        "display":"supervised_us..."
    },
    {
        "value":"supervisor_ac...",
        "display":"supervisor_ac..."
    },
    {
        "value":"swap_horiz",
        "display":"swap_horiz"
    },
    {
        "value":"swap_horizont...",
        "display":"swap_horizont..."
    },
    {
        "value":"swap_vert",
        "display":"swap_vert"
    },
    {
        "value":"swap_vertical...",
        "display":"swap_vertical..."
    },
    {
        "value":"tab",
        "display":"tab"
    },
    {
        "value":"tab_unselecte...",
        "display":"tab_unselecte..."
    },
    {
        "value":"text_rotate_u...",
        "display":"text_rotate_u..."
    },
    {
        "value":"text_rotate_v...",
        "display":"text_rotate_v..."
    },
    {
        "value":"text_rotation...",
        "display":"text_rotation..."
    },
    {
        "value":"text_rotation...",
        "display":"text_rotation..."
    },
    {
        "value":"theaters",
        "display":"theaters"
    },
    {
        "value":"thumb_down",
        "display":"thumb_down"
    },
    {
        "value":"thumb_up",
        "display":"thumb_up"
    },
    {
        "value":"thumbs_up_dow...",
        "display":"thumbs_up_dow..."
    },
    {
        "value":"timeline",
        "display":"timeline"
    },
    {
        "value":"toc",
        "display":"toc"
    },
    {
        "value":"today",
        "display":"today"
    },
    {
        "value":"toll",
        "display":"toll"
    },
    {
        "value":"touch_app",
        "display":"touch_app"
    },
    {
        "value":"track_changes",
        "display":"track_changes"
    },
    {
        "value":"translate",
        "display":"translate"
    },
    {
        "value":"trending_down",
        "display":"trending_down"
    },
    {
        "value":"trending_flat",
        "display":"trending_flat"
    },
    {
        "value":"trending_up",
        "display":"trending_up"
    },
    {
        "value":"turned_in",
        "display":"turned_in"
    },
    {
        "value":"turned_in_not",
        "display":"turned_in_not"
    },
    {
        "value":"update",
        "display":"update"
    },
    {
        "value":"verified_user",
        "display":"verified_user"
    },
    {
        "value":"vertical_spli...",
        "display":"vertical_spli..."
    },
    {
        "value":"view_agenda",
        "display":"view_agenda"
    },
    {
        "value":"view_array",
        "display":"view_array"
    },
    {
        "value":"view_carousel",
        "display":"view_carousel"
    },
    {
        "value":"view_column",
        "display":"view_column"
    },
    {
        "value":"view_day",
        "display":"view_day"
    },
    {
        "value":"view_headline",
        "display":"view_headline"
    },
    {
        "value":"view_list",
        "display":"view_list"
    },
    {
        "value":"view_module",
        "display":"view_module"
    },
    {
        "value":"view_quilt",
        "display":"view_quilt"
    },
    {
        "value":"view_stream",
        "display":"view_stream"
    },
    {
        "value":"view_week",
        "display":"view_week"
    },
    {
        "value":"visibility",
        "display":"visibility"
    },
    {
        "value":"visibility_of...",
        "display":"visibility_of..."
    },
    {
        "value":"voice_over_of...",
        "display":"voice_over_of..."
    },
    {
        "value":"watch_later",
        "display":"watch_later"
    },
    {
        "value":"work",
        "display":"work"
    },
    {
        "value":"work_off",
        "display":"work_off"
    },
    {
        "value":"work_outline",
        "display":"work_outline"
    },
    {
        "value":"youtube_searc...",
        "display":"youtube_searc..."
    },
    {
        "value":"zoom_in",
        "display":"zoom_in"
    },
    {
        "value":"zoom_out",
        "display":"zoom_out"
    },
    {
        "value":"4k",
        "display":"4k"
    },
    {
        "value":"add_to_queue",
        "display":"add_to_queue"
    },
    {
        "value":"airplay",
        "display":"airplay"
    },
    {
        "value":"album",
        "display":"album"
    },
    {
        "value":"art_track",
        "display":"art_track"
    },
    {
        "value":"av_timer",
        "display":"av_timer"
    },
    {
        "value":"branding_wate...",
        "display":"branding_wate..."
    },
    {
        "value":"call_to_actio...",
        "display":"call_to_actio..."
    },
    {
        "value":"closed_captio...",
        "display":"closed_captio..."
    },
    {
        "value":"control_camer...",
        "display":"control_camer..."
    },
    {
        "value":"equalizer",
        "display":"equalizer"
    },
    {
        "value":"explicit",
        "display":"explicit"
    },
    {
        "value":"fast_forward",
        "display":"fast_forward"
    },
    {
        "value":"fast_rewind",
        "display":"fast_rewind"
    },
    {
        "value":"featured_play...",
        "display":"featured_play..."
    },
    {
        "value":"featured_vide...",
        "display":"featured_vide..."
    },
    {
        "value":"fiber_dvr",
        "display":"fiber_dvr"
    },
    {
        "value":"fiber_manual_...",
        "display":"fiber_manual_..."
    },
    {
        "value":"fiber_new",
        "display":"fiber_new"
    },
    {
        "value":"fiber_pin",
        "display":"fiber_pin"
    },
    {
        "value":"fiber_smart_r...",
        "display":"fiber_smart_r..."
    },
    {
        "value":"forward_10",
        "display":"forward_10"
    },
    {
        "value":"forward_30",
        "display":"forward_30"
    },
    {
        "value":"forward_5",
        "display":"forward_5"
    },
    {
        "value":"games",
        "display":"games"
    },
    {
        "value":"hd",
        "display":"hd"
    },
    {
        "value":"hearing",
        "display":"hearing"
    },
    {
        "value":"high_quality",
        "display":"high_quality"
    },
    {
        "value":"library_add",
        "display":"library_add"
    },
    {
        "value":"library_books",
        "display":"library_books"
    },
    {
        "value":"library_music",
        "display":"library_music"
    },
    {
        "value":"loop",
        "display":"loop"
    },
    {
        "value":"mic",
        "display":"mic"
    },
    {
        "value":"mic_none",
        "display":"mic_none"
    },
    {
        "value":"mic_off",
        "display":"mic_off"
    },
    {
        "value":"missed_video_...",
        "display":"missed_video_..."
    },
    {
        "value":"movie",
        "display":"movie"
    },
    {
        "value":"music_video",
        "display":"music_video"
    },
    {
        "value":"new_releases",
        "display":"new_releases"
    },
    {
        "value":"not_intereste...",
        "display":"not_intereste..."
    },
    {
        "value":"note",
        "display":"note"
    },
    {
        "value":"pause",
        "display":"pause"
    },
    {
        "value":"pause_circle_...",
        "display":"pause_circle_..."
    },
    {
        "value":"pause_circle_...",
        "display":"pause_circle_..."
    },
    {
        "value":"play_arrow",
        "display":"play_arrow"
    },
    {
        "value":"play_circle_f...",
        "display":"play_circle_f..."
    },
    {
        "value":"play_circle_f...",
        "display":"play_circle_f..."
    },
    {
        "value":"play_circle_o...",
        "display":"play_circle_o..."
    },
    {
        "value":"playlist_add",
        "display":"playlist_add"
    },
    {
        "value":"playlist_add_...",
        "display":"playlist_add_..."
    },
    {
        "value":"playlist_play",
        "display":"playlist_play"
    },
    {
        "value":"queue",
        "display":"queue"
    },
    {
        "value":"queue_music",
        "display":"queue_music"
    },
    {
        "value":"queue_play_ne...",
        "display":"queue_play_ne..."
    },
    {
        "value":"radio",
        "display":"radio"
    },
    {
        "value":"recent_actors",
        "display":"recent_actors"
    },
    {
        "value":"remove_from_q...",
        "display":"remove_from_q..."
    },
    {
        "value":"repeat",
        "display":"repeat"
    },
    {
        "value":"repeat_one",
        "display":"repeat_one"
    },
    {
        "value":"replay",
        "display":"replay"
    },
    {
        "value":"replay_10",
        "display":"replay_10"
    },
    {
        "value":"replay_30",
        "display":"replay_30"
    },
    {
        "value":"replay_5",
        "display":"replay_5"
    },
    {
        "value":"shuffle",
        "display":"shuffle"
    },
    {
        "value":"skip_next",
        "display":"skip_next"
    },
    {
        "value":"skip_previous",
        "display":"skip_previous"
    },
    {
        "value":"slow_motion_v...",
        "display":"slow_motion_v..."
    },
    {
        "value":"snooze",
        "display":"snooze"
    },
    {
        "value":"sort_by_alpha",
        "display":"sort_by_alpha"
    },
    {
        "value":"stop",
        "display":"stop"
    },
    {
        "value":"subscriptions",
        "display":"subscriptions"
    },
    {
        "value":"subtitles",
        "display":"subtitles"
    },
    {
        "value":"surround_soun...",
        "display":"surround_soun..."
    },
    {
        "value":"video_call",
        "display":"video_call"
    },
    {
        "value":"video_label",
        "display":"video_label"
    },
    {
        "value":"video_library",
        "display":"video_library"
    },
    {
        "value":"videocam",
        "display":"videocam"
    },
    {
        "value":"videocam_off",
        "display":"videocam_off"
    },
    {
        "value":"volume_down",
        "display":"volume_down"
    },
    {
        "value":"volume_mute",
        "display":"volume_mute"
    },
    {
        "value":"volume_off",
        "display":"volume_off"
    },
    {
        "value":"volume_up",
        "display":"volume_up"
    },
    {
        "value":"web",
        "display":"web"
    },
    {
        "value":"web_asset",
        "display":"web_asset"
    },
    {
        "value":"alternate_ema...",
        "display":"alternate_ema..."
    },
    {
        "value":"business",
        "display":"business"
    },
    {
        "value":"call",
        "display":"call"
    },
    {
        "value":"call_end",
        "display":"call_end"
    },
    {
        "value":"call_made",
        "display":"call_made"
    },
    {
        "value":"call_merge",
        "display":"call_merge"
    },
    {
        "value":"call_missed",
        "display":"call_missed"
    },
    {
        "value":"call_missed_o...",
        "display":"call_missed_o..."
    },
    {
        "value":"call_received",
        "display":"call_received"
    },
    {
        "value":"call_split",
        "display":"call_split"
    },
    {
        "value":"cancel_presen...",
        "display":"cancel_presen..."
    },
    {
        "value":"cell_wifi",
        "display":"cell_wifi"
    },
    {
        "value":"chat",
        "display":"chat"
    },
    {
        "value":"chat_bubble",
        "display":"chat_bubble"
    },
    {
        "value":"chat_bubble_o...",
        "display":"chat_bubble_o..."
    },
    {
        "value":"clear_all",
        "display":"clear_all"
    },
    {
        "value":"comment",
        "display":"comment"
    },
    {
        "value":"contact_mail",
        "display":"contact_mail"
    },
    {
        "value":"contact_phone",
        "display":"contact_phone"
    },
    {
        "value":"contacts",
        "display":"contacts"
    },
    {
        "value":"desktop_acces...",
        "display":"desktop_acces..."
    },
    {
        "value":"dialer_sip",
        "display":"dialer_sip"
    },
    {
        "value":"dialpad",
        "display":"dialpad"
    },
    {
        "value":"domain_disabl...",
        "display":"domain_disabl..."
    },
    {
        "value":"duo",
        "display":"duo"
    },
    {
        "value":"email",
        "display":"email"
    },
    {
        "value":"forum",
        "display":"forum"
    },
    {
        "value":"import_contac...",
        "display":"import_contac..."
    },
    {
        "value":"import_export",
        "display":"import_export"
    },
    {
        "value":"invert_colors...",
        "display":"invert_colors..."
    },
    {
        "value":"list_alt",
        "display":"list_alt"
    },
    {
        "value":"live_help",
        "display":"live_help"
    },
    {
        "value":"location_off",
        "display":"location_off"
    },
    {
        "value":"location_on",
        "display":"location_on"
    },
    {
        "value":"mail_outline",
        "display":"mail_outline"
    },
    {
        "value":"message",
        "display":"message"
    },
    {
        "value":"mobile_screen...",
        "display":"mobile_screen..."
    },
    {
        "value":"no_sim",
        "display":"no_sim"
    },
    {
        "value":"pause_present...",
        "display":"pause_present..."
    },
    {
        "value":"person_add_di...",
        "display":"person_add_di..."
    },
    {
        "value":"phone",
        "display":"phone"
    },
    {
        "value":"phonelink_era...",
        "display":"phonelink_era..."
    },
    {
        "value":"phonelink_loc...",
        "display":"phonelink_loc..."
    },
    {
        "value":"phonelink_rin...",
        "display":"phonelink_rin..."
    },
    {
        "value":"phonelink_set...",
        "display":"phonelink_set..."
    },
    {
        "value":"portable_wifi...",
        "display":"portable_wifi..."
    },
    {
        "value":"present_to_al...",
        "display":"present_to_al..."
    },
    {
        "value":"print_disable...",
        "display":"print_disable..."
    },
    {
        "value":"ring_volume",
        "display":"ring_volume"
    },
    {
        "value":"rss_feed",
        "display":"rss_feed"
    },
    {
        "value":"screen_share",
        "display":"screen_share"
    },
    {
        "value":"sentiment_sat...",
        "display":"sentiment_sat..."
    },
    {
        "value":"speaker_phone",
        "display":"speaker_phone"
    },
    {
        "value":"stay_current_...",
        "display":"stay_current_..."
    },
    {
        "value":"stay_current_...",
        "display":"stay_current_..."
    },
    {
        "value":"stay_primary_...",
        "display":"stay_primary_..."
    },
    {
        "value":"stay_primary_...",
        "display":"stay_primary_..."
    },
    {
        "value":"stop_screen_s...",
        "display":"stop_screen_s..."
    },
    {
        "value":"swap_calls",
        "display":"swap_calls"
    },
    {
        "value":"textsms",
        "display":"textsms"
    },
    {
        "value":"unsubscribe",
        "display":"unsubscribe"
    },
    {
        "value":"voicemail",
        "display":"voicemail"
    },
    {
        "value":"vpn_key",
        "display":"vpn_key"
    },
    {
        "value":"add",
        "display":"add"
    },
    {
        "value":"add_box",
        "display":"add_box"
    },
    {
        "value":"add_circle",
        "display":"add_circle"
    },
    {
        "value":"add_circle_ou...",
        "display":"add_circle_ou..."
    },
    {
        "value":"archive",
        "display":"archive"
    },
    {
        "value":"backspace",
        "display":"backspace"
    },
    {
        "value":"ballot",
        "display":"ballot"
    },
    {
        "value":"block",
        "display":"block"
    },
    {
        "value":"clear",
        "display":"clear"
    },
    {
        "value":"create",
        "display":"create"
    },
    {
        "value":"delete_sweep",
        "display":"delete_sweep"
    },
    {
        "value":"drafts",
        "display":"drafts"
    },
    {
        "value":"file_copy",
        "display":"file_copy"
    },
    {
        "value":"filter_list",
        "display":"filter_list"
    },
    {
        "value":"flag",
        "display":"flag"
    },
    {
        "value":"font_download",
        "display":"font_download"
    },
    {
        "value":"forward",
        "display":"forward"
    },
    {
        "value":"gesture",
        "display":"gesture"
    },
    {
        "value":"how_to_reg",
        "display":"how_to_reg"
    },
    {
        "value":"how_to_vote",
        "display":"how_to_vote"
    },
    {
        "value":"inbox",
        "display":"inbox"
    },
    {
        "value":"link",
        "display":"link"
    },
    {
        "value":"link_off",
        "display":"link_off"
    },
    {
        "value":"low_priority",
        "display":"low_priority"
    },
    {
        "value":"mail",
        "display":"mail"
    },
    {
        "value":"markunread",
        "display":"markunread"
    },
    {
        "value":"move_to_inbox",
        "display":"move_to_inbox"
    },
    {
        "value":"next_week",
        "display":"next_week"
    },
    {
        "value":"outlined_flag",
        "display":"outlined_flag"
    },
    {
        "value":"redo",
        "display":"redo"
    },
    {
        "value":"remove",
        "display":"remove"
    },
    {
        "value":"remove_circle",
        "display":"remove_circle"
    },
    {
        "value":"remove_circle...",
        "display":"remove_circle..."
    },
    {
        "value":"reply",
        "display":"reply"
    },
    {
        "value":"reply_all",
        "display":"reply_all"
    },
    {
        "value":"report",
        "display":"report"
    },
    {
        "value":"report_off",
        "display":"report_off"
    },
    {
        "value":"save",
        "display":"save"
    },
    {
        "value":"save_alt",
        "display":"save_alt"
    },
    {
        "value":"select_all",
        "display":"select_all"
    },
    {
        "value":"send",
        "display":"send"
    },
    {
        "value":"sort",
        "display":"sort"
    },
    {
        "value":"text_format",
        "display":"text_format"
    },
    {
        "value":"unarchive",
        "display":"unarchive"
    },
    {
        "value":"undo",
        "display":"undo"
    },
    {
        "value":"waves",
        "display":"waves"
    },
    {
        "value":"weekend",
        "display":"weekend"
    },
    {
        "value":"where_to_vote",
        "display":"where_to_vote"
    },
    {
        "value":"access_alarm",
        "display":"access_alarm"
    },
    {
        "value":"access_alarms",
        "display":"access_alarms"
    },
    {
        "value":"access_time",
        "display":"access_time"
    },
    {
        "value":"add_alarm",
        "display":"add_alarm"
    },
    {
        "value":"add_to_home_s...",
        "display":"add_to_home_s..."
    },
    {
        "value":"airplanemode_...",
        "display":"airplanemode_..."
    },
    {
        "value":"airplanemode_...",
        "display":"airplanemode_..."
    },
    {
        "value":"battery_20",
        "display":"battery_20"
    },
    {
        "value":"battery_30",
        "display":"battery_30"
    },
    {
        "value":"battery_50",
        "display":"battery_50"
    },
    {
        "value":"battery_60",
        "display":"battery_60"
    },
    {
        "value":"battery_80",
        "display":"battery_80"
    },
    {
        "value":"battery_90",
        "display":"battery_90"
    },
    {
        "value":"battery_alert",
        "display":"battery_alert"
    },
    {
        "value":"battery_charg...",
        "display":"battery_charg..."
    },
    {
        "value":"battery_charg...",
        "display":"battery_charg..."
    },
    {
        "value":"battery_charg...",
        "display":"battery_charg..."
    },
    {
        "value":"battery_charg...",
        "display":"battery_charg..."
    },
    {
        "value":"battery_charg...",
        "display":"battery_charg..."
    },
    {
        "value":"battery_charg...",
        "display":"battery_charg..."
    },
    {
        "value":"battery_charg...",
        "display":"battery_charg..."
    },
    {
        "value":"battery_full",
        "display":"battery_full"
    },
    {
        "value":"battery_std",
        "display":"battery_std"
    },
    {
        "value":"battery_unkno...",
        "display":"battery_unkno..."
    },
    {
        "value":"bluetooth",
        "display":"bluetooth"
    },
    {
        "value":"bluetooth_con...",
        "display":"bluetooth_con..."
    },
    {
        "value":"bluetooth_dis...",
        "display":"bluetooth_dis..."
    },
    {
        "value":"bluetooth_sea...",
        "display":"bluetooth_sea..."
    },
    {
        "value":"brightness_au...",
        "display":"brightness_au..."
    },
    {
        "value":"brightness_hi...",
        "display":"brightness_hi..."
    },
    {
        "value":"brightness_lo...",
        "display":"brightness_lo..."
    },
    {
        "value":"brightness_me...",
        "display":"brightness_me..."
    },
    {
        "value":"data_usage",
        "display":"data_usage"
    },
    {
        "value":"developer_mod...",
        "display":"developer_mod..."
    },
    {
        "value":"devices",
        "display":"devices"
    },
    {
        "value":"dvr",
        "display":"dvr"
    },
    {
        "value":"gps_fixed",
        "display":"gps_fixed"
    },
    {
        "value":"gps_not_fixed",
        "display":"gps_not_fixed"
    },
    {
        "value":"gps_off",
        "display":"gps_off"
    },
    {
        "value":"graphic_eq",
        "display":"graphic_eq"
    },
    {
        "value":"location_disa...",
        "display":"location_disa..."
    },
    {
        "value":"location_sear...",
        "display":"location_sear..."
    },
    {
        "value":"mobile_friend...",
        "display":"mobile_friend..."
    },
    {
        "value":"mobile_off",
        "display":"mobile_off"
    },
    {
        "value":"network_cell",
        "display":"network_cell"
    },
    {
        "value":"network_wifi",
        "display":"network_wifi"
    },
    {
        "value":"nfc",
        "display":"nfc"
    },
    {
        "value":"screen_lock_l...",
        "display":"screen_lock_l..."
    },
    {
        "value":"screen_lock_p...",
        "display":"screen_lock_p..."
    },
    {
        "value":"screen_lock_r...",
        "display":"screen_lock_r..."
    },
    {
        "value":"screen_rotati...",
        "display":"screen_rotati..."
    },
    {
        "value":"sd_storage",
        "display":"sd_storage"
    },
    {
        "value":"settings_syst...",
        "display":"settings_syst..."
    },
    {
        "value":"signal_cellul...",
        "display":"signal_cellul..."
    },
    {
        "value":"signal_cellul...",
        "display":"signal_cellul..."
    },
    {
        "value":"signal_cellul...",
        "display":"signal_cellul..."
    },
    {
        "value":"signal_cellul...",
        "display":"signal_cellul..."
    },
    {
        "value":"signal_cellul...",
        "display":"signal_cellul..."
    },
    {
        "value":"signal_cellul...",
        "display":"signal_cellul..."
    },
    {
        "value":"signal_cellul...",
        "display":"signal_cellul..."
    },
    {
        "value":"signal_cellul...",
        "display":"signal_cellul..."
    },
    {
        "value":"signal_cellul...",
        "display":"signal_cellul..."
    },
    {
        "value":"signal_cellul...",
        "display":"signal_cellul..."
    },
    {
        "value":"signal_cellul...",
        "display":"signal_cellul..."
    },
    {
        "value":"signal_cellul...",
        "display":"signal_cellul..."
    },
    {
        "value":"signal_cellul...",
        "display":"signal_cellul..."
    },
    {
        "value":"signal_cellul...",
        "display":"signal_cellul..."
    },
    {
        "value":"signal_wifi_0...",
        "display":"signal_wifi_0..."
    },
    {
        "value":"signal_wifi_1...",
        "display":"signal_wifi_1..."
    },
    {
        "value":"signal_wifi_1...",
        "display":"signal_wifi_1..."
    },
    {
        "value":"signal_wifi_2...",
        "display":"signal_wifi_2..."
    },
    {
        "value":"signal_wifi_2...",
        "display":"signal_wifi_2..."
    },
    {
        "value":"signal_wifi_3...",
        "display":"signal_wifi_3..."
    },
    {
        "value":"signal_wifi_3...",
        "display":"signal_wifi_3..."
    },
    {
        "value":"signal_wifi_4...",
        "display":"signal_wifi_4..."
    },
    {
        "value":"signal_wifi_4...",
        "display":"signal_wifi_4..."
    },
    {
        "value":"signal_wifi_o...",
        "display":"signal_wifi_o..."
    },
    {
        "value":"storage",
        "display":"storage"
    },
    {
        "value":"usb",
        "display":"usb"
    },
    {
        "value":"wallpaper",
        "display":"wallpaper"
    },
    {
        "value":"widgets",
        "display":"widgets"
    },
    {
        "value":"wifi_lock",
        "display":"wifi_lock"
    },
    {
        "value":"wifi_tetherin...",
        "display":"wifi_tetherin..."
    },
    {
        "value":"add_comment",
        "display":"add_comment"
    },
    {
        "value":"attach_file",
        "display":"attach_file"
    },
    {
        "value":"attach_money",
        "display":"attach_money"
    },
    {
        "value":"bar_chart",
        "display":"bar_chart"
    },
    {
        "value":"border_all",
        "display":"border_all"
    },
    {
        "value":"border_bottom",
        "display":"border_bottom"
    },
    {
        "value":"border_clear",
        "display":"border_clear"
    },
    {
        "value":"border_color",
        "display":"border_color"
    },
    {
        "value":"border_horizo...",
        "display":"border_horizo..."
    },
    {
        "value":"border_inner",
        "display":"border_inner"
    },
    {
        "value":"border_left",
        "display":"border_left"
    },
    {
        "value":"border_outer",
        "display":"border_outer"
    },
    {
        "value":"border_right",
        "display":"border_right"
    },
    {
        "value":"border_style",
        "display":"border_style"
    },
    {
        "value":"border_top",
        "display":"border_top"
    },
    {
        "value":"border_vertic...",
        "display":"border_vertic..."
    },
    {
        "value":"bubble_chart",
        "display":"bubble_chart"
    },
    {
        "value":"drag_handle",
        "display":"drag_handle"
    },
    {
        "value":"format_align_...",
        "display":"format_align_..."
    },
    {
        "value":"format_align_...",
        "display":"format_align_..."
    },
    {
        "value":"format_align_...",
        "display":"format_align_..."
    },
    {
        "value":"format_align_...",
        "display":"format_align_..."
    },
    {
        "value":"format_bold",
        "display":"format_bold"
    },
    {
        "value":"format_clear",
        "display":"format_clear"
    },
    {
        "value":"format_color_...",
        "display":"format_color_..."
    },
    {
        "value":"format_color_...",
        "display":"format_color_..."
    },
    {
        "value":"format_color_...",
        "display":"format_color_..."
    },
    {
        "value":"format_indent...",
        "display":"format_indent..."
    },
    {
        "value":"format_indent...",
        "display":"format_indent..."
    },
    {
        "value":"format_italic",
        "display":"format_italic"
    },
    {
        "value":"format_line_s...",
        "display":"format_line_s..."
    },
    {
        "value":"format_list_b...",
        "display":"format_list_b..."
    },
    {
        "value":"format_list_n...",
        "display":"format_list_n..."
    },
    {
        "value":"format_list_n...",
        "display":"format_list_n..."
    },
    {
        "value":"format_paint",
        "display":"format_paint"
    },
    {
        "value":"format_quote",
        "display":"format_quote"
    },
    {
        "value":"format_shapes",
        "display":"format_shapes"
    },
    {
        "value":"format_size",
        "display":"format_size"
    },
    {
        "value":"format_strike...",
        "display":"format_strike..."
    },
    {
        "value":"format_textdi...",
        "display":"format_textdi..."
    },
    {
        "value":"format_textdi...",
        "display":"format_textdi..."
    },
    {
        "value":"format_underl...",
        "display":"format_underl..."
    },
    {
        "value":"functions",
        "display":"functions"
    },
    {
        "value":"highlight",
        "display":"highlight"
    },
    {
        "value":"insert_chart",
        "display":"insert_chart"
    },
    {
        "value":"insert_chart_...",
        "display":"insert_chart_..."
    },
    {
        "value":"insert_commen...",
        "display":"insert_commen..."
    },
    {
        "value":"insert_drive_...",
        "display":"insert_drive_..."
    },
    {
        "value":"insert_emotic...",
        "display":"insert_emotic..."
    },
    {
        "value":"insert_invita...",
        "display":"insert_invita..."
    },
    {
        "value":"insert_link",
        "display":"insert_link"
    },
    {
        "value":"insert_photo",
        "display":"insert_photo"
    },
    {
        "value":"linear_scale",
        "display":"linear_scale"
    },
    {
        "value":"merge_type",
        "display":"merge_type"
    },
    {
        "value":"mode_comment",
        "display":"mode_comment"
    },
    {
        "value":"monetization_...",
        "display":"monetization_..."
    },
    {
        "value":"money_off",
        "display":"money_off"
    },
    {
        "value":"multiline_cha...",
        "display":"multiline_cha..."
    },
    {
        "value":"notes",
        "display":"notes"
    },
    {
        "value":"pie_chart",
        "display":"pie_chart"
    },
    {
        "value":"publish",
        "display":"publish"
    },
    {
        "value":"scatter_plot",
        "display":"scatter_plot"
    },
    {
        "value":"score",
        "display":"score"
    },
    {
        "value":"short_text",
        "display":"short_text"
    },
    {
        "value":"show_chart",
        "display":"show_chart"
    },
    {
        "value":"space_bar",
        "display":"space_bar"
    },
    {
        "value":"strikethrough...",
        "display":"strikethrough..."
    },
    {
        "value":"table_chart",
        "display":"table_chart"
    },
    {
        "value":"text_fields",
        "display":"text_fields"
    },
    {
        "value":"title",
        "display":"title"
    },
    {
        "value":"vertical_alig...",
        "display":"vertical_alig..."
    },
    {
        "value":"vertical_alig...",
        "display":"vertical_alig..."
    },
    {
        "value":"vertical_alig...",
        "display":"vertical_alig..."
    },
    {
        "value":"wrap_text",
        "display":"wrap_text"
    },
    {
        "value":"attachment",
        "display":"attachment"
    },
    {
        "value":"cloud",
        "display":"cloud"
    },
    {
        "value":"cloud_circle",
        "display":"cloud_circle"
    },
    {
        "value":"cloud_done",
        "display":"cloud_done"
    },
    {
        "value":"cloud_downloa...",
        "display":"cloud_downloa..."
    },
    {
        "value":"cloud_off",
        "display":"cloud_off"
    },
    {
        "value":"cloud_queue",
        "display":"cloud_queue"
    },
    {
        "value":"cloud_upload",
        "display":"cloud_upload"
    },
    {
        "value":"create_new_fo...",
        "display":"create_new_fo..."
    },
    {
        "value":"folder",
        "display":"folder"
    },
    {
        "value":"folder_open",
        "display":"folder_open"
    },
    {
        "value":"folder_shared",
        "display":"folder_shared"
    },
    {
        "value":"cast",
        "display":"cast"
    },
    {
        "value":"cast_connecte...",
        "display":"cast_connecte..."
    },
    {
        "value":"cast_for_educ...",
        "display":"cast_for_educ..."
    },
    {
        "value":"computer",
        "display":"computer"
    },
    {
        "value":"desktop_mac",
        "display":"desktop_mac"
    },
    {
        "value":"desktop_windo...",
        "display":"desktop_windo..."
    },
    {
        "value":"developer_boa...",
        "display":"developer_boa..."
    },
    {
        "value":"device_hub",
        "display":"device_hub"
    },
    {
        "value":"device_unknow...",
        "display":"device_unknow..."
    },
    {
        "value":"devices_other",
        "display":"devices_other"
    },
    {
        "value":"dock",
        "display":"dock"
    },
    {
        "value":"gamepad",
        "display":"gamepad"
    },
    {
        "value":"headset",
        "display":"headset"
    },
    {
        "value":"headset_mic",
        "display":"headset_mic"
    },
    {
        "value":"keyboard",
        "display":"keyboard"
    },
    {
        "value":"keyboard_arro...",
        "display":"keyboard_arro..."
    },
    {
        "value":"keyboard_arro...",
        "display":"keyboard_arro..."
    },
    {
        "value":"keyboard_arro...",
        "display":"keyboard_arro..."
    },
    {
        "value":"keyboard_arro...",
        "display":"keyboard_arro..."
    },
    {
        "value":"keyboard_back...",
        "display":"keyboard_back..."
    },
    {
        "value":"keyboard_caps...",
        "display":"keyboard_caps..."
    },
    {
        "value":"keyboard_hide",
        "display":"keyboard_hide"
    },
    {
        "value":"keyboard_retu...",
        "display":"keyboard_retu..."
    },
    {
        "value":"keyboard_tab",
        "display":"keyboard_tab"
    },
    {
        "value":"keyboard_voic...",
        "display":"keyboard_voic..."
    },
    {
        "value":"laptop",
        "display":"laptop"
    },
    {
        "value":"laptop_chrome...",
        "display":"laptop_chrome..."
    },
    {
        "value":"laptop_mac",
        "display":"laptop_mac"
    },
    {
        "value":"laptop_window...",
        "display":"laptop_window..."
    },
    {
        "value":"memory",
        "display":"memory"
    },
    {
        "value":"mouse",
        "display":"mouse"
    },
    {
        "value":"phone_android",
        "display":"phone_android"
    },
    {
        "value":"phone_iphone",
        "display":"phone_iphone"
    },
    {
        "value":"phonelink",
        "display":"phonelink"
    },
    {
        "value":"phonelink_off",
        "display":"phonelink_off"
    },
    {
        "value":"power_input",
        "display":"power_input"
    },
    {
        "value":"router",
        "display":"router"
    },
    {
        "value":"scanner",
        "display":"scanner"
    },
    {
        "value":"security",
        "display":"security"
    },
    {
        "value":"sim_card",
        "display":"sim_card"
    },
    {
        "value":"smartphone",
        "display":"smartphone"
    },
    {
        "value":"speaker",
        "display":"speaker"
    },
    {
        "value":"speaker_group",
        "display":"speaker_group"
    },
    {
        "value":"tablet",
        "display":"tablet"
    },
    {
        "value":"tablet_androi...",
        "display":"tablet_androi..."
    },
    {
        "value":"tablet_mac",
        "display":"tablet_mac"
    },
    {
        "value":"toys",
        "display":"toys"
    },
    {
        "value":"tv",
        "display":"tv"
    },
    {
        "value":"videogame_ass...",
        "display":"videogame_ass..."
    },
    {
        "value":"watch",
        "display":"watch"
    },
    {
        "value":"add_a_photo",
        "display":"add_a_photo"
    },
    {
        "value":"add_photo_alt...",
        "display":"add_photo_alt..."
    },
    {
        "value":"add_to_photos",
        "display":"add_to_photos"
    },
    {
        "value":"adjust",
        "display":"adjust"
    },
    {
        "value":"assistant",
        "display":"assistant"
    },
    {
        "value":"assistant_pho...",
        "display":"assistant_pho..."
    },
    {
        "value":"audiotrack",
        "display":"audiotrack"
    },
    {
        "value":"blur_circular",
        "display":"blur_circular"
    },
    {
        "value":"blur_linear",
        "display":"blur_linear"
    },
    {
        "value":"blur_off",
        "display":"blur_off"
    },
    {
        "value":"blur_on",
        "display":"blur_on"
    },
    {
        "value":"brightness_1",
        "display":"brightness_1"
    },
    {
        "value":"brightness_2",
        "display":"brightness_2"
    },
    {
        "value":"brightness_3",
        "display":"brightness_3"
    },
    {
        "value":"brightness_4",
        "display":"brightness_4"
    },
    {
        "value":"brightness_5",
        "display":"brightness_5"
    },
    {
        "value":"brightness_6",
        "display":"brightness_6"
    },
    {
        "value":"brightness_7",
        "display":"brightness_7"
    },
    {
        "value":"broken_image",
        "display":"broken_image"
    },
    {
        "value":"brush",
        "display":"brush"
    },
    {
        "value":"burst_mode",
        "display":"burst_mode"
    },
    {
        "value":"camera",
        "display":"camera"
    },
    {
        "value":"camera_alt",
        "display":"camera_alt"
    },
    {
        "value":"camera_front",
        "display":"camera_front"
    },
    {
        "value":"camera_rear",
        "display":"camera_rear"
    },
    {
        "value":"camera_roll",
        "display":"camera_roll"
    },
    {
        "value":"center_focus_...",
        "display":"center_focus_..."
    },
    {
        "value":"center_focus_...",
        "display":"center_focus_..."
    },
    {
        "value":"collections",
        "display":"collections"
    },
    {
        "value":"collections_b...",
        "display":"collections_b..."
    },
    {
        "value":"color_lens",
        "display":"color_lens"
    },
    {
        "value":"colorize",
        "display":"colorize"
    },
    {
        "value":"compare",
        "display":"compare"
    },
    {
        "value":"control_point",
        "display":"control_point"
    },
    {
        "value":"control_point...",
        "display":"control_point..."
    },
    {
        "value":"crop",
        "display":"crop"
    },
    {
        "value":"crop_16_9",
        "display":"crop_16_9"
    },
    {
        "value":"crop_3_2",
        "display":"crop_3_2"
    },
    {
        "value":"crop_5_4",
        "display":"crop_5_4"
    },
    {
        "value":"crop_7_5",
        "display":"crop_7_5"
    },
    {
        "value":"crop_din",
        "display":"crop_din"
    },
    {
        "value":"crop_free",
        "display":"crop_free"
    },
    {
        "value":"crop_landscap...",
        "display":"crop_landscap..."
    },
    {
        "value":"crop_original",
        "display":"crop_original"
    },
    {
        "value":"crop_portrait",
        "display":"crop_portrait"
    },
    {
        "value":"crop_rotate",
        "display":"crop_rotate"
    },
    {
        "value":"crop_square",
        "display":"crop_square"
    },
    {
        "value":"dehaze",
        "display":"dehaze"
    },
    {
        "value":"details",
        "display":"details"
    },
    {
        "value":"edit",
        "display":"edit"
    },
    {
        "value":"exposure",
        "display":"exposure"
    },
    {
        "value":"exposure_neg_...",
        "display":"exposure_neg_..."
    },
    {
        "value":"exposure_neg_...",
        "display":"exposure_neg_..."
    },
    {
        "value":"exposure_plus...",
        "display":"exposure_plus..."
    },
    {
        "value":"exposure_plus...",
        "display":"exposure_plus..."
    },
    {
        "value":"exposure_zero",
        "display":"exposure_zero"
    },
    {
        "value":"filter",
        "display":"filter"
    },
    {
        "value":"filter_1",
        "display":"filter_1"
    },
    {
        "value":"filter_2",
        "display":"filter_2"
    },
    {
        "value":"filter_3",
        "display":"filter_3"
    },
    {
        "value":"filter_4",
        "display":"filter_4"
    },
    {
        "value":"filter_5",
        "display":"filter_5"
    },
    {
        "value":"filter_6",
        "display":"filter_6"
    },
    {
        "value":"filter_7",
        "display":"filter_7"
    },
    {
        "value":"filter_8",
        "display":"filter_8"
    },
    {
        "value":"filter_9",
        "display":"filter_9"
    },
    {
        "value":"filter_9_plus",
        "display":"filter_9_plus"
    },
    {
        "value":"filter_b_and_...",
        "display":"filter_b_and_..."
    },
    {
        "value":"filter_center...",
        "display":"filter_center..."
    },
    {
        "value":"filter_drama",
        "display":"filter_drama"
    },
    {
        "value":"filter_frames",
        "display":"filter_frames"
    },
    {
        "value":"filter_hdr",
        "display":"filter_hdr"
    },
    {
        "value":"filter_none",
        "display":"filter_none"
    },
    {
        "value":"filter_tilt_s...",
        "display":"filter_tilt_s..."
    },
    {
        "value":"filter_vintag...",
        "display":"filter_vintag..."
    },
    {
        "value":"flare",
        "display":"flare"
    },
    {
        "value":"flash_auto",
        "display":"flash_auto"
    },
    {
        "value":"flash_off",
        "display":"flash_off"
    },
    {
        "value":"flash_on",
        "display":"flash_on"
    },
    {
        "value":"flip",
        "display":"flip"
    },
    {
        "value":"gradient",
        "display":"gradient"
    },
    {
        "value":"grain",
        "display":"grain"
    },
    {
        "value":"grid_off",
        "display":"grid_off"
    },
    {
        "value":"grid_on",
        "display":"grid_on"
    },
    {
        "value":"hdr_off",
        "display":"hdr_off"
    },
    {
        "value":"hdr_on",
        "display":"hdr_on"
    },
    {
        "value":"hdr_strong",
        "display":"hdr_strong"
    },
    {
        "value":"hdr_weak",
        "display":"hdr_weak"
    },
    {
        "value":"healing",
        "display":"healing"
    },
    {
        "value":"image",
        "display":"image"
    },
    {
        "value":"image_aspect_...",
        "display":"image_aspect_..."
    },
    {
        "value":"image_search",
        "display":"image_search"
    },
    {
        "value":"iso",
        "display":"iso"
    },
    {
        "value":"landscape",
        "display":"landscape"
    },
    {
        "value":"leak_add",
        "display":"leak_add"
    },
    {
        "value":"leak_remove",
        "display":"leak_remove"
    },
    {
        "value":"lens",
        "display":"lens"
    },
    {
        "value":"linked_camera",
        "display":"linked_camera"
    },
    {
        "value":"looks",
        "display":"looks"
    },
    {
        "value":"looks_3",
        "display":"looks_3"
    },
    {
        "value":"looks_4",
        "display":"looks_4"
    },
    {
        "value":"looks_5",
        "display":"looks_5"
    },
    {
        "value":"looks_6",
        "display":"looks_6"
    },
    {
        "value":"looks_one",
        "display":"looks_one"
    },
    {
        "value":"looks_two",
        "display":"looks_two"
    },
    {
        "value":"loupe",
        "display":"loupe"
    },
    {
        "value":"monochrome_ph...",
        "display":"monochrome_ph..."
    },
    {
        "value":"movie_creatio...",
        "display":"movie_creatio..."
    },
    {
        "value":"movie_filter",
        "display":"movie_filter"
    },
    {
        "value":"music_note",
        "display":"music_note"
    },
    {
        "value":"music_off",
        "display":"music_off"
    },
    {
        "value":"nature",
        "display":"nature"
    },
    {
        "value":"nature_people",
        "display":"nature_people"
    },
    {
        "value":"navigate_befo...",
        "display":"navigate_befo..."
    },
    {
        "value":"navigate_next",
        "display":"navigate_next"
    },
    {
        "value":"palette",
        "display":"palette"
    },
    {
        "value":"panorama",
        "display":"panorama"
    },
    {
        "value":"panorama_fish...",
        "display":"panorama_fish..."
    },
    {
        "value":"panorama_hori...",
        "display":"panorama_hori..."
    },
    {
        "value":"panorama_vert...",
        "display":"panorama_vert..."
    },
    {
        "value":"panorama_wide...",
        "display":"panorama_wide..."
    },
    {
        "value":"photo",
        "display":"photo"
    },
    {
        "value":"photo_album",
        "display":"photo_album"
    },
    {
        "value":"photo_camera",
        "display":"photo_camera"
    },
    {
        "value":"photo_filter",
        "display":"photo_filter"
    },
    {
        "value":"photo_library",
        "display":"photo_library"
    },
    {
        "value":"photo_size_se...",
        "display":"photo_size_se..."
    },
    {
        "value":"photo_size_se...",
        "display":"photo_size_se..."
    },
    {
        "value":"photo_size_se...",
        "display":"photo_size_se..."
    },
    {
        "value":"picture_as_pd...",
        "display":"picture_as_pd..."
    },
    {
        "value":"portrait",
        "display":"portrait"
    },
    {
        "value":"remove_red_ey...",
        "display":"remove_red_ey..."
    },
    {
        "value":"rotate_90_deg...",
        "display":"rotate_90_deg..."
    },
    {
        "value":"rotate_left",
        "display":"rotate_left"
    },
    {
        "value":"rotate_right",
        "display":"rotate_right"
    },
    {
        "value":"shutter_speed",
        "display":"shutter_speed"
    },
    {
        "value":"slideshow",
        "display":"slideshow"
    },
    {
        "value":"straighten",
        "display":"straighten"
    },
    {
        "value":"style",
        "display":"style"
    },
    {
        "value":"switch_camera",
        "display":"switch_camera"
    },
    {
        "value":"switch_video",
        "display":"switch_video"
    },
    {
        "value":"tag_faces",
        "display":"tag_faces"
    },
    {
        "value":"texture",
        "display":"texture"
    },
    {
        "value":"timelapse",
        "display":"timelapse"
    },
    {
        "value":"timer",
        "display":"timer"
    },
    {
        "value":"timer_10",
        "display":"timer_10"
    },
    {
        "value":"timer_3",
        "display":"timer_3"
    },
    {
        "value":"timer_off",
        "display":"timer_off"
    },
    {
        "value":"tonality",
        "display":"tonality"
    },
    {
        "value":"transform",
        "display":"transform"
    },
    {
        "value":"tune",
        "display":"tune"
    },
    {
        "value":"view_comfy",
        "display":"view_comfy"
    },
    {
        "value":"view_compact",
        "display":"view_compact"
    },
    {
        "value":"vignette",
        "display":"vignette"
    },
    {
        "value":"wb_auto",
        "display":"wb_auto"
    },
    {
        "value":"wb_cloudy",
        "display":"wb_cloudy"
    },
    {
        "value":"wb_incandesce...",
        "display":"wb_incandesce..."
    },
    {
        "value":"wb_iridescent",
        "display":"wb_iridescent"
    },
    {
        "value":"wb_sunny",
        "display":"wb_sunny"
    },
    {
        "value":"360",
        "display":"360"
    },
    {
        "value":"add_location",
        "display":"add_location"
    },
    {
        "value":"atm",
        "display":"atm"
    },
    {
        "value":"beenhere",
        "display":"beenhere"
    },
    {
        "value":"category",
        "display":"category"
    },
    {
        "value":"compass_calib...",
        "display":"compass_calib..."
    },
    {
        "value":"departure_boa...",
        "display":"departure_boa..."
    },
    {
        "value":"directions",
        "display":"directions"
    },
    {
        "value":"directions_bi...",
        "display":"directions_bi..."
    },
    {
        "value":"directions_bo...",
        "display":"directions_bo..."
    },
    {
        "value":"directions_bu...",
        "display":"directions_bu..."
    },
    {
        "value":"directions_ca...",
        "display":"directions_ca..."
    },
    {
        "value":"directions_ra...",
        "display":"directions_ra..."
    },
    {
        "value":"directions_ru...",
        "display":"directions_ru..."
    },
    {
        "value":"directions_su...",
        "display":"directions_su..."
    },
    {
        "value":"directions_tr...",
        "display":"directions_tr..."
    },
    {
        "value":"directions_wa...",
        "display":"directions_wa..."
    },
    {
        "value":"edit_attribut...",
        "display":"edit_attribut..."
    },
    {
        "value":"edit_location",
        "display":"edit_location"
    },
    {
        "value":"ev_station",
        "display":"ev_station"
    },
    {
        "value":"fastfood",
        "display":"fastfood"
    },
    {
        "value":"flight",
        "display":"flight"
    },
    {
        "value":"hotel",
        "display":"hotel"
    },
    {
        "value":"layers",
        "display":"layers"
    },
    {
        "value":"layers_clear",
        "display":"layers_clear"
    },
    {
        "value":"local_activit...",
        "display":"local_activit..."
    },
    {
        "value":"local_airport",
        "display":"local_airport"
    },
    {
        "value":"local_atm",
        "display":"local_atm"
    },
    {
        "value":"local_bar",
        "display":"local_bar"
    },
    {
        "value":"local_cafe",
        "display":"local_cafe"
    },
    {
        "value":"local_car_was...",
        "display":"local_car_was..."
    },
    {
        "value":"local_conveni...",
        "display":"local_conveni..."
    },
    {
        "value":"local_dining",
        "display":"local_dining"
    },
    {
        "value":"local_drink",
        "display":"local_drink"
    },
    {
        "value":"local_florist",
        "display":"local_florist"
    },
    {
        "value":"local_gas_sta...",
        "display":"local_gas_sta..."
    },
    {
        "value":"local_grocery...",
        "display":"local_grocery..."
    },
    {
        "value":"local_hospita...",
        "display":"local_hospita..."
    },
    {
        "value":"local_hotel",
        "display":"local_hotel"
    },
    {
        "value":"local_laundry...",
        "display":"local_laundry..."
    },
    {
        "value":"local_library",
        "display":"local_library"
    },
    {
        "value":"local_mall",
        "display":"local_mall"
    },
    {
        "value":"local_movies",
        "display":"local_movies"
    },
    {
        "value":"local_offer",
        "display":"local_offer"
    },
    {
        "value":"local_parking",
        "display":"local_parking"
    },
    {
        "value":"local_pharmac...",
        "display":"local_pharmac..."
    },
    {
        "value":"local_phone",
        "display":"local_phone"
    },
    {
        "value":"local_pizza",
        "display":"local_pizza"
    },
    {
        "value":"local_play",
        "display":"local_play"
    },
    {
        "value":"local_post_of...",
        "display":"local_post_of..."
    },
    {
        "value":"local_printsh...",
        "display":"local_printsh..."
    },
    {
        "value":"local_see",
        "display":"local_see"
    },
    {
        "value":"local_shippin...",
        "display":"local_shippin..."
    },
    {
        "value":"local_taxi",
        "display":"local_taxi"
    },
    {
        "value":"map",
        "display":"map"
    },
    {
        "value":"money",
        "display":"money"
    },
    {
        "value":"my_location",
        "display":"my_location"
    },
    {
        "value":"navigation",
        "display":"navigation"
    },
    {
        "value":"near_me",
        "display":"near_me"
    },
    {
        "value":"not_listed_lo...",
        "display":"not_listed_lo..."
    },
    {
        "value":"person_pin",
        "display":"person_pin"
    },
    {
        "value":"person_pin_ci...",
        "display":"person_pin_ci..."
    },
    {
        "value":"pin_drop",
        "display":"pin_drop"
    },
    {
        "value":"place",
        "display":"place"
    },
    {
        "value":"rate_review",
        "display":"rate_review"
    },
    {
        "value":"restaurant",
        "display":"restaurant"
    },
    {
        "value":"restaurant_me...",
        "display":"restaurant_me..."
    },
    {
        "value":"satellite",
        "display":"satellite"
    },
    {
        "value":"store_mall_di...",
        "display":"store_mall_di..."
    },
    {
        "value":"streetview",
        "display":"streetview"
    },
    {
        "value":"subway",
        "display":"subway"
    },
    {
        "value":"terrain",
        "display":"terrain"
    },
    {
        "value":"traffic",
        "display":"traffic"
    },
    {
        "value":"train",
        "display":"train"
    },
    {
        "value":"tram",
        "display":"tram"
    },
    {
        "value":"transfer_with...",
        "display":"transfer_with..."
    },
    {
        "value":"transit_enter...",
        "display":"transit_enter..."
    },
    {
        "value":"trip_origin",
        "display":"trip_origin"
    },
    {
        "value":"zoom_out_map",
        "display":"zoom_out_map"
    },
    {
        "value":"apps",
        "display":"apps"
    },
    {
        "value":"arrow_back",
        "display":"arrow_back"
    },
    {
        "value":"arrow_back_io...",
        "display":"arrow_back_io..."
    },
    {
        "value":"arrow_downwar...",
        "display":"arrow_downwar..."
    },
    {
        "value":"arrow_drop_do...",
        "display":"arrow_drop_do..."
    },
    {
        "value":"arrow_drop_do...",
        "display":"arrow_drop_do..."
    },
    {
        "value":"arrow_drop_up",
        "display":"arrow_drop_up"
    },
    {
        "value":"arrow_forward",
        "display":"arrow_forward"
    },
    {
        "value":"arrow_forward...",
        "display":"arrow_forward..."
    },
    {
        "value":"arrow_left",
        "display":"arrow_left"
    },
    {
        "value":"arrow_right",
        "display":"arrow_right"
    },
    {
        "value":"arrow_upward",
        "display":"arrow_upward"
    },
    {
        "value":"cancel",
        "display":"cancel"
    },
    {
        "value":"check",
        "display":"check"
    },
    {
        "value":"chevron_left",
        "display":"chevron_left"
    },
    {
        "value":"chevron_right",
        "display":"chevron_right"
    },
    {
        "value":"close",
        "display":"close"
    },
    {
        "value":"expand_less",
        "display":"expand_less"
    },
    {
        "value":"expand_more",
        "display":"expand_more"
    },
    {
        "value":"first_page",
        "display":"first_page"
    },
    {
        "value":"fullscreen",
        "display":"fullscreen"
    },
    {
        "value":"fullscreen_ex...",
        "display":"fullscreen_ex..."
    },
    {
        "value":"last_page",
        "display":"last_page"
    },
    {
        "value":"menu",
        "display":"menu"
    },
    {
        "value":"more_horiz",
        "display":"more_horiz"
    },
    {
        "value":"more_vert",
        "display":"more_vert"
    },
    {
        "value":"refresh",
        "display":"refresh"
    },
    {
        "value":"subdirectory_...",
        "display":"subdirectory_..."
    },
    {
        "value":"subdirectory_...",
        "display":"subdirectory_..."
    },
    {
        "value":"unfold_less",
        "display":"unfold_less"
    },
    {
        "value":"unfold_more",
        "display":"unfold_more"
    },
    {
        "value":"adb",
        "display":"adb"
    },
    {
        "value":"airline_seat_...",
        "display":"airline_seat_..."
    },
    {
        "value":"airline_seat_...",
        "display":"airline_seat_..."
    },
    {
        "value":"airline_seat_...",
        "display":"airline_seat_..."
    },
    {
        "value":"airline_seat_...",
        "display":"airline_seat_..."
    },
    {
        "value":"airline_seat_...",
        "display":"airline_seat_..."
    },
    {
        "value":"airline_seat_...",
        "display":"airline_seat_..."
    },
    {
        "value":"airline_seat_...",
        "display":"airline_seat_..."
    },
    {
        "value":"airline_seat_...",
        "display":"airline_seat_..."
    },
    {
        "value":"bluetooth_aud...",
        "display":"bluetooth_aud..."
    },
    {
        "value":"confirmation_...",
        "display":"confirmation_..."
    },
    {
        "value":"disc_full",
        "display":"disc_full"
    },
    {
        "value":"drive_eta",
        "display":"drive_eta"
    },
    {
        "value":"enhanced_encr...",
        "display":"enhanced_encr..."
    },
    {
        "value":"event_availab...",
        "display":"event_availab..."
    },
    {
        "value":"event_busy",
        "display":"event_busy"
    },
    {
        "value":"event_note",
        "display":"event_note"
    },
    {
        "value":"folder_specia...",
        "display":"folder_specia..."
    },
    {
        "value":"live_tv",
        "display":"live_tv"
    },
    {
        "value":"mms",
        "display":"mms"
    },
    {
        "value":"more",
        "display":"more"
    },
    {
        "value":"network_check",
        "display":"network_check"
    },
    {
        "value":"network_locke...",
        "display":"network_locke..."
    },
    {
        "value":"no_encryption",
        "display":"no_encryption"
    },
    {
        "value":"ondemand_vide...",
        "display":"ondemand_vide..."
    },
    {
        "value":"personal_vide...",
        "display":"personal_vide..."
    },
    {
        "value":"phone_bluetoo...",
        "display":"phone_bluetoo..."
    },
    {
        "value":"phone_callbac...",
        "display":"phone_callbac..."
    },
    {
        "value":"phone_forward...",
        "display":"phone_forward..."
    },
    {
        "value":"phone_in_talk",
        "display":"phone_in_talk"
    },
    {
        "value":"phone_locked",
        "display":"phone_locked"
    },
    {
        "value":"phone_missed",
        "display":"phone_missed"
    },
    {
        "value":"phone_paused",
        "display":"phone_paused"
    },
    {
        "value":"power",
        "display":"power"
    },
    {
        "value":"power_off",
        "display":"power_off"
    },
    {
        "value":"priority_high",
        "display":"priority_high"
    },
    {
        "value":"sd_card",
        "display":"sd_card"
    },
    {
        "value":"sms",
        "display":"sms"
    },
    {
        "value":"sms_failed",
        "display":"sms_failed"
    },
    {
        "value":"sync",
        "display":"sync"
    },
    {
        "value":"sync_disabled",
        "display":"sync_disabled"
    },
    {
        "value":"sync_problem",
        "display":"sync_problem"
    },
    {
        "value":"system_update",
        "display":"system_update"
    },
    {
        "value":"tap_and_play",
        "display":"tap_and_play"
    },
    {
        "value":"time_to_leave",
        "display":"time_to_leave"
    },
    {
        "value":"tv_off",
        "display":"tv_off"
    },
    {
        "value":"vibration",
        "display":"vibration"
    },
    {
        "value":"voice_chat",
        "display":"voice_chat"
    },
    {
        "value":"vpn_lock",
        "display":"vpn_lock"
    },
    {
        "value":"wc",
        "display":"wc"
    },
    {
        "value":"wifi",
        "display":"wifi"
    },
    {
        "value":"wifi_off",
        "display":"wifi_off"
    },
    {
        "value":"ac_unit",
        "display":"ac_unit"
    },
    {
        "value":"airport_shutt...",
        "display":"airport_shutt..."
    },
    {
        "value":"all_inclusive",
        "display":"all_inclusive"
    },
    {
        "value":"beach_access",
        "display":"beach_access"
    },
    {
        "value":"business_cent...",
        "display":"business_cent..."
    },
    {
        "value":"casino",
        "display":"casino"
    },
    {
        "value":"child_care",
        "display":"child_care"
    },
    {
        "value":"child_friendl...",
        "display":"child_friendl..."
    },
    {
        "value":"fitness_cente...",
        "display":"fitness_cente..."
    },
    {
        "value":"free_breakfas...",
        "display":"free_breakfas..."
    },
    {
        "value":"golf_course",
        "display":"golf_course"
    },
    {
        "value":"hot_tub",
        "display":"hot_tub"
    },
    {
        "value":"kitchen",
        "display":"kitchen"
    },
    {
        "value":"meeting_room",
        "display":"meeting_room"
    },
    {
        "value":"no_meeting_ro...",
        "display":"no_meeting_ro..."
    },
    {
        "value":"pool",
        "display":"pool"
    },
    {
        "value":"room_service",
        "display":"room_service"
    },
    {
        "value":"rv_hookup",
        "display":"rv_hookup"
    },
    {
        "value":"smoke_free",
        "display":"smoke_free"
    },
    {
        "value":"smoking_rooms",
        "display":"smoking_rooms"
    },
    {
        "value":"spa",
        "display":"spa"
    },
    {
        "value":"cake",
        "display":"cake"
    },
    {
        "value":"domain",
        "display":"domain"
    },
    {
        "value":"group",
        "display":"group"
    },
    {
        "value":"group_add",
        "display":"group_add"
    },
    {
        "value":"location_city",
        "display":"location_city"
    },
    {
        "value":"mood",
        "display":"mood"
    },
    {
        "value":"mood_bad",
        "display":"mood_bad"
    },
    {
        "value":"notifications",
        "display":"notifications"
    },
    {
        "value":"notifications...",
        "display":"notifications..."
    },
    {
        "value":"notifications...",
        "display":"notifications..."
    },
    {
        "value":"notifications...",
        "display":"notifications..."
    },
    {
        "value":"notifications...",
        "display":"notifications..."
    },
    {
        "value":"pages",
        "display":"pages"
    },
    {
        "value":"party_mode",
        "display":"party_mode"
    },
    {
        "value":"people",
        "display":"people"
    },
    {
        "value":"people_outlin...",
        "display":"people_outlin..."
    },
    {
        "value":"person",
        "display":"person"
    },
    {
        "value":"person_add",
        "display":"person_add"
    },
    {
        "value":"person_outlin...",
        "display":"person_outlin..."
    },
    {
        "value":"plus_one",
        "display":"plus_one"
    },
    {
        "value":"poll",
        "display":"poll"
    },
    {
        "value":"public",
        "display":"public"
    },
    {
        "value":"school",
        "display":"school"
    },
    {
        "value":"sentiment_dis...",
        "display":"sentiment_dis..."
    },
    {
        "value":"sentiment_sat...",
        "display":"sentiment_sat..."
    },
    {
        "value":"sentiment_ver...",
        "display":"sentiment_ver..."
    },
    {
        "value":"sentiment_ver...",
        "display":"sentiment_ver..."
    },
    {
        "value":"share",
        "display":"share"
    },
    {
        "value":"thumb_down_al...",
        "display":"thumb_down_al..."
    },
    {
        "value":"thumb_up_alt",
        "display":"thumb_up_alt"
    },
    {
        "value":"whatshot",
        "display":"whatshot"
    },
    {
        "value":"check_box",
        "display":"check_box"
    },
    {
        "value":"check_box_out...",
        "display":"check_box_out..."
    },
    {
        "value":"indeterminate...",
        "display":"indeterminate..."
    },
    {
        "value":"radio_button_...",
        "display":"radio_button_..."
    },
    {
        "value":"radio_button_...",
        "display":"radio_button_..."
    },
    {
        "value":"star",
        "display":"star"
    },
    {
        "value":"star_border",
        "display":"star_border"
    },
    {
        "value":"star_half",
        "display":"star_half"
    },
    {
        "value":"toggle_off",
        "display":"toggle_off"
    },
    {
        "value":"toggle_on",
        "display":"toggle_on"
    }
]